[
  {
    "_id": "6753133b204dad6afaa963b9",
    "timelog_id": "TL1001",
    "user_id": "12345",
    "full_name": "John Doe",
    "time": "08:00 AM",
    "date": "2024-12-06T08:00:00.000Z",
    "type": "LOG IN"
  },
  {
    "_id": "6753133b204dad6afaa963ba",
    "timelog_id": "TL1002",
    "user_id": "12346",
    "full_name": "Jane Smith",
    "time": "09:00 AM",
    "date": "2024-12-06T09:00:00.000Z",
    "type": "LOG OUT"
  },
  {
    "_id": "6753133b204dad6afaa963bb",
    "timelog_id": "TL1003",
    "user_id": "12347",
    "full_name": "Alice Brown",
    "time": "10:00 AM",
    "date": "2024-12-06T10:00:00.000Z",
    "type": "LOG IN"
  },
  {
    "_id": "6753133b204dad6afaa963bc",
    "timelog_id": "TL1004",
    "user_id": "12348",
    "full_name": "Bob White",
    "time": "11:00 AM",
    "date": "2024-12-06T11:00:00.000Z",
    "type": "LOG OUT"
  },
  {
    "_id": "6753133b204dad6afaa963bd",
    "timelog_id": "TL1005",
    "user_id": "12349",
    "full_name": "Charlie Green",
    "time": "12:00 PM",
    "date": "2024-12-06T12:00:00.000Z",
    "type": "LOG IN"
  },
  {
    "_id": "6753133b204dad6afaa963be",
    "timelog_id": "TL1006",
    "user_id": "12350",
    "full_name": "David Black",
    "time": "01:00 PM",
    "date": "2024-12-06T13:00:00.000Z",
    "type": "LOG OUT"
  },
  {
    "_id": "6753133b204dad6afaa963bf",
    "timelog_id": "TL1007",
    "user_id": "12351",
    "full_name": "Eva Blue",
    "time": "02:00 PM",
    "date": "2024-12-06T14:00:00.000Z",
    "type": "LOG IN"
  },
  {
    "_id": "6753133b204dad6afaa963c0",
    "timelog_id": "TL1008",
    "user_id": "12352",
    "full_name": "Frank Gray",
    "time": "03:00 PM",
    "date": "2024-12-06T15:00:00.000Z",
    "type": "LOG OUT"
  },
  {
    "_id": "6753133b204dad6afaa963c1",
    "timelog_id": "TL1009",
    "user_id": "12353",
    "full_name": "Grace Yellow",
    "time": "04:00 PM",
    "date": "2024-12-06T16:00:00.000Z",
    "type": "LOG IN"
  },
  {
    "_id": "6753133b204dad6afaa963c2",
    "timelog_id": "TL1010",
    "user_id": "12354",
    "full_name": "Hannah Red",
    "time": "05:00 PM",
    "date": "2024-12-06T17:00:00.000Z",
    "type": "LOG OUT"
  },
  {
    "_id": "6753133b204dad6afaa963c3",
    "timelog_id": "TL1011",
    "user_id": "12355",
    "full_name": "Ivy Pink",
    "time": "06:00 PM",
    "date": "2024-12-06T18:00:00.000Z",
    "type": "LOG IN"
  },
  {
    "_id": "6753133b204dad6afaa963c4",
    "timelog_id": "TL1012",
    "user_id": "12356",
    "full_name": "Jack Silver",
    "time": "07:00 PM",
    "date": "2024-12-06T19:00:00.000Z",
    "type": "LOG OUT"
  },
  {
    "_id": "6753133b204dad6afaa963c5",
    "timelog_id": "TL1013",
    "user_id": "12357",
    "full_name": "Kylie White",
    "time": "08:00 PM",
    "date": "2024-12-06T20:00:00.000Z",
    "type": "LOG IN"
  },
  {
    "_id": "6753133b204dad6afaa963c6",
    "timelog_id": "TL1014",
    "user_id": "12358",
    "full_name": "Liam Violet",
    "time": "09:00 PM",
    "date": "2024-12-06T21:00:00.000Z",
    "type": "LOG OUT"
  },
  {
    "_id": "6753133b204dad6afaa963c7",
    "timelog_id": "TL1015",
    "user_id": "12359",
    "full_name": "Mia Indigo",
    "time": "10:00 PM",
    "date": "2024-12-06T22:00:00.000Z",
    "type": "LOG IN"
  },
  {
    "_id": "6753133b204dad6afaa963c8",
    "timelog_id": "TL1016",
    "user_id": "12360",
    "full_name": "Noah Gold",
    "time": "11:00 PM",
    "date": "2024-12-06T23:00:00.000Z",
    "type": "LOG OUT"
  },
  {
    "_id": "6753133b204dad6afaa963c9",
    "timelog_id": "TL1017",
    "user_id": "12361",
    "full_name": "Olivia Orange",
    "time": "12:00 AM",
    "date": "2024-12-07T00:00:00.000Z",
    "type": "LOG IN"
  },
  {
    "_id": "6753133b204dad6afaa963ca",
    "timelog_id": "TL1018",
    "user_id": "12362",
    "full_name": "Paul Teal",
    "time": "01:00 AM",
    "date": "2024-12-07T01:00:00.000Z",
    "type": "LOG OUT"
  },
  {
    "_id": "6753133b204dad6afaa963cb",
    "timelog_id": "TL1019",
    "user_id": "12363",
    "full_name": "Quincy Lavender",
    "time": "02:00 AM",
    "date": "2024-12-07T02:00:00.000Z",
    "type": "LOG IN"
  },
  {
    "_id": "6753133b204dad6afaa963cc",
    "timelog_id": "TL1020",
    "user_id": "12364",
    "full_name": "Rachel Mint",
    "time": "03:00 AM",
    "date": "2024-12-07T03:00:00.000Z",
    "type": "LOG OUT"
  },
  {
    "_id": "6754929aa9f9e9c7109e91b6",
    "timelog_id": "TL97910882",
    "user_id": "00001",
    "full_name": "Sample User",
    "date": "2024-12-07T18:23:22.281Z",
    "type": "LOG IN",
    "time": "02:23 AM",
    "__v": 0
  },
  {
    "_id": "6754941fa9f9e9c7109e9205",
    "timelog_id": "TL87601706",
    "user_id": "00000",
    "full_name": "Karl Santiago Bernaldez",
    "date": "2024-12-07T18:29:51.726Z",
    "type": "LOG IN",
    "time": "02:29 AM",
    "__v": 0
  },
  {
    "_id": "6754942fa9f9e9c7109e920f",
    "timelog_id": "TL95116726",
    "user_id": "00001",
    "full_name": "Sample User",
    "date": "2024-12-07T18:30:07.538Z",
    "type": "LOG IN",
    "time": "02:30 AM",
    "__v": 0
  },
  {
    "_id": "67549491a9f9e9c7109e921f",
    "timelog_id": "TL63829534",
    "user_id": "00002",
    "full_name": "Bryan Lomerio",
    "date": "2024-12-07T18:31:45.306Z",
    "type": "LOG IN",
    "time": "02:31 AM",
    "__v": 0
  },
  {
    "_id": "67549580a9f9e9c7109e923a",
    "timelog_id": "TL88836441",
    "user_id": "00000",
    "full_name": "Karl Santiago Bernaldez",
    "date": "2024-12-07T18:35:44.795Z",
    "type": "LOG IN",
    "time": "02:35 AM",
    "__v": 0
  }
]